iter	MultiClass
0	1.638303759
1	1.580166564
2	1.556277583
3	1.53347608
4	1.523476014
5	1.516840401
6	1.505811232
7	1.501754516
8	1.499614529
9	1.497525386
10	1.495446048111	1.489984477

